signal_id,symbol,signal_market_cap,gt_score,decision,bought,t0_timestamp,X_price,X_market_cap,X_liquidity,X_volume,X_buys,X_sells,X_social_mentions,X_social_velocity,X_mentions_per_minute,X_growth_rate,X_viral_acceleration,X_engagement_velocity,X_engagement_score,X_viral_score,X_news_score,X_news_sentiment,X_news_minutes_old,X_news_credibility,X_freshness_score,X_sentiment_positive,X_sentiment_neutral,X_sentiment_negative,X_sentiment_confidence,X_sentiment_strength,X_sarcasm_probability,X_narrative_confidence,X_narrative_heat_score,X_kol_mentions,X_kol_score,X_telegram_members,X_twitter_followers,X_community_growth_rate,X_message_rate,X_active_users,X_mc_velocity,X_holder_velocity,X_volume_velocity,X_buy_velocity,X_liquidity_change,X_mc_acceleration,X_holder_acceleration,X_volume_acceleration,X_buy_sell_ratio,snapshot_source_timestamp,intel_source_timestamp,Y_max_return,Y_peak_market_cap,Y_time_to_peak,Y_rugged,Y_lowest_market_cap,Y_peak_price,Y_lowest_price,Y_min_return,Y_returned_2x,Y_returned_5x,Y_returned_10x
b962e72f-9f13-4f69-8030-426f7ba1eca5,cripto,33100.0,2,SKIP,0,1785939796.6147628,,,,,,,,,,,,,,,,,,,,,,,,,,,,,,,,,,,,,,,,,,,,,,74.47129909365559,57750.0,349.3068571090698,1.0,1747.0,5.775e-05,1.797e-06,-94.72205438066466,0.0,0.0,0.0
726a915e-96cc-4b0a-b11e-bb8564314d0b,PENGUIN,36600.0,2,SKIP,0,1785940396.6198978,,,,,,,,,,,,,,,,,,,,,,,,,,,,,,,,,,,,,,,,,,,,,,8.169398907103826,39590.0,143.8447620868683,1.0,1009.0,3.959e-05,1.008e-06,-97.2431693989071,0.0,0.0,0.0
90670ed6-e50e-41f0-8535-557410af3cfd,DICK,35300.0,2,SKIP,0,1785940696.7806137,,,,,,,,,,,,,,,,,,,,,,,,,,,,,,,,,,,,,,,,,,,,,,1198.6232294617564,458414.0,9244.222566366196,0.0,26699.23,0.0004677,2.669e-05,-24.364787535410766,1.0,1.0,1.0
b0bd714e-4bb5-4472-823c-81787fceffe7,MUSK,57600.0,3,WATCH,0,1785941964.5450742,,,,,,,,,,,,,,,,,,,,,,,,,,,,,,,,,,,,,,,,,,,,,,90.19270833333334,109551.0,76296.49471569061,1.0,7698.0,0.0001126,7.698e-06,-86.63541666666667,0.0,0.0,0.0
fbbb62e0-33cd-4d2c-b7c7-2a735fbfbea8,MUSK,34600.0,2,SKIP,0,1785942298.225297,,,,,,,,,,,,,,,,,,,,,,,,,,,,,,,,,,,,,,,,,,,,,,3.1098265895953756,35676.0,112.76340293884277,1.0,2166.0,3.567e-05,2.323e-06,-93.73988439306359,0.0,0.0,0.0
4d824328-0b1d-46d0-a188-a26f843372b4,TINYTANK,38900.0,2,SKIP,0,1786019035.1888661,,,,,,,,,,,,,,,,,,,,,,,,,,,,,,,,,,,,,,,,,,,,,,3663.5886889460153,1464036.0,19777.463303804398,1.0,7487.0,0.001501,7.487e-06,-80.75321336760925,1.0,1.0,1.0
6f0b6d9d-b916-44d2-af04-484d0a3c517f,POORCAT,30700.0,2,WATCH,0,1786020596.1685398,,,,,,,,,,,,,,,,,,,,,,,,,,,,,,,,,,,,,,,,,,,,,,55.88925081433225,47858.0,312.0295901298523,1.0,1698.0,4.786e-05,1.791e-06,-94.46905537459284,0.0,0.0,0.0
bc0829f3-0787-434f-ac8f-32b8ebe55b54,SIBBELL,33200.0,2,WATCH,0,1786029269.9091446,,,,,,,,,,,,,,,,,,,,,,,,,,,,,,,,,,,,,,,,,,,,,,0.0,32384.0,41.45938539505005,1.0,1640.0,3.238e-05,1.765e-06,-95.06024096385542,0.0,0.0,0.0
56388a7d-5bbc-4c9c-ae71-ee4797ed336e,shibanana,34800.0,2,SKIP,0,1786029449.201315,,,,,,,,,,,,,,,,,,,,,,,,,,,,,,,,,,,,,,,,,,,,,,81.56896551724138,63186.0,281.54080510139465,1.0,4193.0,6.318e-05,4.312e-06,-87.95114942528735,0.0,0.0,0.0
81c74147-065e-4d3b-acc5-a1acffba0f64,MMM,36000.0,2,SKIP,0,1786029737.6354432,,,,,,,,,,,,,,,,,,,,,,,,,,,,,,,,,,,,,,,,,,,,,,0.0,33023.0,88.77768683433533,1.0,1907.0,3.302e-05,2.027e-06,-94.70277777777778,0.0,0.0,0.0
49d95206-4cff-481a-a6e0-ee0dc35b5a62,TERAFAB,35900.0,2,SKIP,0,1786031593.633977,,,,,,,,,,,,,,,,,,,,,,,,,,,,,,,,,,,,,,,,,,,,,,56.77437325905292,56282.0,3262.032513141632,1.0,1900.0,5.628e-05,1.989e-06,-94.70752089136491,0.0,0.0,0.0
c643f766-eb22-4220-b6a0-220563a83b29,Joe,36100.0,2,SKIP,0,1786031999.004832,,,,,,,,,,,,,,,,,,,,,,,,,,,,,,,,,,,,,,,,,,,,,,0.0,29016.0,41.852328062057495,1.0,1545.0,2.901e-05,1.761e-06,-95.72022160664821,0.0,0.0,0.0
25710e91-d1df-4028-b97f-3bdd736aee72,Jibanyan,34700.0,2,SKIP,0,1786034845.7711303,,,,,,,,,,,,,,,,,,,,,,,,,,,,,,,,,,,,,,,,,,,,,,31.556195965417867,45650.0,399.11890959739685,1.0,2952.0,4.565e-05,3.138e-06,-91.492795389049,0.0,0.0,0.0
0a1df325-87d6-4085-bf30-801058bf32ef,DANOTHY,36500.0,2,SKIP,0,1786036212.3714156,,,,,,,,,,,,,,,,,,,,,,,,,,,,,,,,,,,,,,,,,,,,,,0.0,29455.0,22.561034440994263,1.0,2209.0,2.945e-05,2.209e-06,-93.94794520547946,0.0,0.0,0.0
7ed4f642-a019-41a3-8898-a14d1daacfcb,MOFO,34700.0,2,WATCH,0,1786116641.6151495,,,,,,,,,,,,,,,,,,,,,,,,,,,,,,,,,,,,,,,,,,,,,,3.0345821325648417,35753.0,20.549480438232422,1.0,1831.0,3.575e-05,2.016e-06,-94.72334293948127,0.0,0.0,0.0
5d184bd5-174d-466e-a469-761172c1c77a,LEGEND,38800.0,2,SKIP,0,1786116825.244709,,,,,,,,,,,,,,,,,,,,,,,,,,,,,,,,,,,,,,,,,,,,,,5.59020618556701,40969.0,10.19170093536377,1.0,1582.0,4.096e-05,1.85e-06,-95.92268041237114,0.0,0.0,0.0
61363c08-afb2-4bf5-96a1-7195a0168e13,Esee,35700.0,2,WATCH,0,1786119862.616251,,,,,,,,,,,,,,,,,,,,,,,,,,,,,,,,,,,,,,,,,,,,,,0.0,4798.0,2792.85053896904,1.0,2136.0,4.797e-06,2.268e-06,-94.01680672268907,0.0,0.0,0.0
6255500d-8d3b-48ca-bf7b-6209736e7361,DUCKY,54500.0,2,SKIP,0,1786120303.8547118,,,,,,,,,,,,,,,,,,,,,,,,,,,,,,,,,,,,,,,,,,,,,,0.0,46230.0,7.652078151702881,1.0,3320.0,4.623e-05,3.319e-06,-93.90825688073394,0.0,0.0,0.0
0afc0300-7b9e-4287-9d1e-7740f8c029f1,DUCK,43900.0,2,SKIP,0,1786120363.8135598,,,,,,,,,,,,,,,,,,,,,,,,,,,,,,,,,,,,,,,,,,,,,,351.2779043280182,198111.0,686.8959801197052,0.0,11806.0,0.0001981,1.18e-05,-73.10706150341686,1.0,0.0,0.0
27555d55-fffb-467e-a9c3-88354437af78,GILF,34900.0,2,WATCH,0,1786122726.381473,,,,,,,,,,,,,,,,,,,,,,,,,,,,,,,,,,,,,,,,,,,,,,188.77936962750715,100784.0,1523.2160968780518,0.0,23786.0,0.0001007,2.378e-05,-31.845272206303726,1.0,0.0,0.0
909c84f1-d266-4bc0-a4e5-54696598f4fe,ECONOMISTS,42900.0,2,SKIP,0,1786360576.3803596,,,,,,,,,,,,,,,,,,,,,,,,,,,,,,,,,,,,,,,,,,,,,,,,,,,,,,,,
82f1daaa-a08f-40ec-89a9-6598fe9c9624,ECONOMISTS,37800.0,2,WATCH,0,1786360696.4687827,,,,,,,,,,,,,,,,,,,,,,,,,,,,,,,,,,,,,,,,,,,,,,,,,,,,,,,,
7226ca93-0bbc-4df4-916f-2f128a0074ac,Zoe,20400.0,1,SKIP,0,1786366284.8794007,,,,,,,,,,,,,,,,,,,,,,,,,,,,,,,,,,,,,,,,,,,,,,,,,,,,,,,,
3e8d0f6e-cd9e-4561-8240-20f4fd3e3079,VOID,36900.0,2,SKIP,0,1786366879.3230228,,,,,,,,,,,,,,,,,,,,,,,,,,,,,,,,,,,,,,,,,,,,,,,,,,,,,,,,
4f52e111-87fd-4324-b32e-d487efca2212,Sex Coin,36300.0,2,WATCH,0,1786367256.5250223,,,,,,,,,,,,,,,,,,,,,,,,,,,,,,,,,,,,,,,,,,,,,,,,,,,,,,,,
4a3ac346-19ef-492b-879a-bbd32b453990,Duck,27800.0,2,SKIP,0,1786367689.5224586,,,,,,,,,,,,,,,,,,,,,,,,,,,,,,,,,,,,,,,,,,,,,,,,,,,,,,,,
8d782d94-a437-4805-a208-bc981f31b173,slopdog,36300.0,2,SKIP,0,1786369084.1217823,,,,,,,,,,,,,,,,,,,,,,,,,,,,,,,,,,,,,,,,,,,,,,,,,,,,,,,,
43c99b74-d7e7-4543-b90f-4617446831b7,SOCIAL,36200.0,2,WATCH,0,1786369851.8630142,,,,,,,,,,,,,,,,,,,,,,,,,,,,,,,,,,,,,,,,,,,,,,,,,,,,,,,,
bb5d4c41-0345-48c2-a0ba-5a59412f6158,CAP,36000.0,2,SKIP,0,1786370212.046144,,,,,,,,,,,,,,,,,,,,,,,,,,,,,,,,,,,,,,,,,,,,,,,,,,,,,,,,
c44be632-fe14-41f8-9fd8-b655b46a709a,catana,37700.0,2,SKIP,0,1786370977.004398,,,,,,,,,,,,,,,,,,,,,,,,,,,,,,,,,,,,,,,,,,,,,,,,,,,,,,,,
89a48a7f-dcab-4539-a880-87bda077dfe3,Agents,36100.0,2,SKIP,0,1786372961.4927607,,,,,,,,,,,,,,,,,,,,,,,,,,,,,,,,,,,,,,,,,,,,,,,,,,,,,,,,
9b8ed1e2-d1ba-48c0-858e-eb0bace93558,JEW,36500.0,2,WATCH,0,1786373431.9757643,,,,,,,,,,,,,,,,,,,,,,,,,,,,,,,,,,,,,,,,,,,,,,,,,,,,,,,,
d9be3a69-849f-4450-812a-29da2a94a678,RinTinTin,36200.0,2,SKIP,0,1786374158.0829113,,,,,,,,,,,,,,,,,,,,,,,,,,,,,,,,,,,,,,,,,,,,,,,,,,,,,,,,
3d6701db-091f-46b2-aa4e-39b6686b88ed,Dayan,76400.0,2,SKIP,0,1786374409.6580534,,,,,,,,,,,,,,,,,,,,,,,,,,,,,,,,,,,,,,,,,,,,,,,,,,,,,,,,
4795ece0-283a-4fb9-abb1-d498b4768984,FOMOCAT,36000.0,2,SKIP,0,1786375424.7276514,,,,,,,,,,,,,,,,,,,,,,,,,,,,,,,,,,,,,,,,,,,,,,,,,,,,,,,,
47fe8792-d566-4287-ad00-e614bc6a07e2,GAINER,22900.0,1,SKIP,0,1786375885.416048,,,,,,,,,,,,,,,,,,,,,,,,,,,,,,,,,,,,,,,,,,,,,,,,,,,,,,,,
ab9dd40f-050e-4ffe-91c9-67540e8f23ea,freg,36100.0,2,WATCH,0,1786377362.7817056,,,,,,,,,,,,,,,,,,,,,,,,,,,,,,,,,,,,,,,,,,,,,,,,,,,,,,,,
7dd3d50d-a1a5-4861-b579-f4488fe661dd,artpad,35200.0,2,WATCH,0,1786377710.5842447,,,,,,,,,,,,,,,,,,,,,,,,,,,,,,,,,,,,,,,,,,,,,,,,,,,,,,,,
